8352,Stefania Ramazzotti,scadutoluchino@example.org,it,2025-02-11 08:30:44.293873
863,Helena Bruder,rafaeletzler@example.com,de,2025-01-27 22:29:24.673728
3762,Manu Pombo Jove,eva93@example.org,es,2025-02-01 19:24:02.277095
8443,Hanne Ladeck-Adler,ferencadolph@example.net,de,2025-02-25 13:46:29.239524
351,Yves du Besson,gaudinsophie@example.org,fr,2025-01-14 22:20:51.207395
6336,Kimberly Carter,parkerisaiah@example.net,en,2025-02-23 18:36:23.802085
7981,Iris Adán Guardia,xtamarit@example.net,es,2025-03-16 10:54:43.370588
5150,Nela Karczmarek,zbryczek@example.com,pl,2025-03-05 21:31:08.104238
454,Audrey Colas,isaacgerard@example.net,fr,2025-02-20 12:12:05.016189
1860,Miguel Valderrama Lloret,feliciabenavides@example.org,es,2025-03-10 13:21:39.500189
7536,Käte Caspar B.Eng.,vogtdorothee@example.net,de,2025-03-01 17:16:38.932606
3871,Adrián Jurado Capdevila,kmir@example.com,es,2025-01-26 08:57:36.248596
4488,Che de Estevez,visitacion50@example.net,es,2025-01-04 00:08:53.069908
8563,Alexander Chen,gina02@example.org,en,2025-03-13 17:55:48.488058
6624,Fidel Garzón Amigó,yaizacuesta@example.net,es,2025-01-04 12:13:28.758235
9032,Dr. Alfredo Schmidt,xmaelzer@example.com,de,2025-02-22 18:09:13.617670
2297,Carolina Caetani,parrilolita@example.org,it,2025-02-09 01:06:58.970158
6509,John Perez,juliaalvarez@example.org,en,2025-01-08 13:49:35.381504
6981,Cesare Pavarotti,cirilloliverotti@example.net,it,2025-03-07 21:59:07.992853
2394,Panfilo Babato-Sermonti,evaguarana@example.net,it,2025-02-11 09:07:15.969589
5566,Franck Lagarde,dlambert@example.org,fr,2025-03-04 15:11:01.214030
2331,Kyle Fitzgerald,jamesparker@example.org,en,2025-02-06 11:49:56.992270
1458,Federico Andrés Cuenca Sotelo,priegoalejandro@example.com,es,2025-01-22 16:37:14.596503
6471,Elodia Álvaro Herrera,amadacastillo@example.net,es,2025-02-10 06:12:43.593166
698,Kevin Baldwin,jcline@example.com,en,2025-02-24 19:28:33.962434
8327,Brittany Gill,austin32@example.org,en,2025-02-18 11:02:30.552275
5304,Richard Morrison,harriswanda@example.org,en,2025-02-04 00:15:18.679267
1,Jimmy Morris,moniquebell@example.net,en,2025-03-01 20:03:44.591537
9563,Brandy Carr,qrodriguez@example.org,en,2025-02-13 05:44:32.843570
3863,Augustin Vallet,vincentleclercq@example.net,fr,2025-03-09 07:30:33.262171
4575,Tomasz Widłak,xdrewniok@example.com,pl,2025-01-07 02:10:13.006485
4636,Sig. Martino Tozzi,moschinochiara@example.net,it,2025-03-04 02:22:05.634113
6218,Charlotte Georges,theophile47@example.com,fr,2025-02-15 20:26:35.939095
5131,Leone Giulietti,wfattori@example.org,it,2025-02-20 17:56:19.806937
6366,Sophia Gentileschi,carolinaschiavone@example.net,it,2025-01-02 03:27:15.140191
5976,Evangelos Rust-Käster,beate09@example.com,de,2025-01-19 22:17:58.326999
8503,Eutropio Castrillo-Godoy,royoteodoro@example.org,es,2025-01-31 07:53:09.298593
6436,Vincent Moss,millerkayla@example.org,en,2025-01-16 06:57:07.462833
1656,Maite Guardia-Velasco,ycarretero@example.com,es,2025-01-24 17:53:43.313631
5254,Damaris Hecker,nkraushaar@example.org,de,2025-02-10 00:17:12.630598
7701,Witold Warchał,esmyl@example.net,pl,2025-01-21 18:48:07.306112
2710,Jared Tran,fernandezeric@example.com,en,2025-02-05 22:59:25.699098
580,Claire Gray,hilltiffany@example.net,en,2025-02-02 17:20:34.107298
473,Elizabeth Johnson,lconley@example.com,en,2025-02-12 19:52:02.690149
1970,Karolina Otto,gerwin99@example.com,de,2025-02-27 14:18:30.193707
908,Benito Rastelli,temistocleviola@example.net,it,2025-03-10 00:49:15.918717
4190,Alexandre Boulay,alainfernandez@example.net,fr,2025-03-10 03:08:14.294574
7692,Birte Pechel,ekensy@example.net,de,2025-01-05 04:35:55.363551
3393,Hélène Chartier,bousquetmartine@example.net,fr,2025-03-18 21:26:11.893647
8644,Heinz-Günther Beier,klemmayse@example.org,de,2025-02-16 19:56:41.454559
